artifact_name,artifact_path
bom_figure,C:\Users\yanluyao\Desktop\XD_interrupt_simulation\study_04_response_recovery_----\output\study04_dynamic_frontend\generated\20260425_170304_random_supplier_SID0004\run\figures\bom_impact_paths.png
timeline_figure,C:\Users\yanluyao\Desktop\XD_interrupt_simulation\study_04_response_recovery_----\output\study04_dynamic_frontend\generated\20260425_170304_random_supplier_SID0004\run\figures\timeline_overview.png
demand_propagation_trends_figure,C:\Users\yanluyao\Desktop\XD_interrupt_simulation\study_04_response_recovery_----\output\study04_dynamic_frontend\generated\20260425_170304_random_supplier_SID0004\run\figures\demand_propagation_trends.png
policy_comparison_figure,C:\Users\yanluyao\Desktop\XD_interrupt_simulation\study_04_response_recovery_----\output\study04_dynamic_frontend\generated\20260425_170304_random_supplier_SID0004\run\figures\policy_comparison.png
monthly_disrupted_nodes_figure,C:\Users\yanluyao\Desktop\XD_interrupt_simulation\study_04_response_recovery_----\output\study04_dynamic_frontend\generated\20260425_170304_random_supplier_SID0004\run\figures\monthly_disrupted_nodes.png
propagation_duration_figure,C:\Users\yanluyao\Desktop\XD_interrupt_simulation\study_04_response_recovery_----\output\study04_dynamic_frontend\generated\20260425_170304_random_supplier_SID0004\run\figures\propagation_duration_comparison.png
core_metric_trends_figure,C:\Users\yanluyao\Desktop\XD_interrupt_simulation\study_04_response_recovery_----\output\study04_dynamic_frontend\generated\20260425_170304_random_supplier_SID0004\run\figures\core_metric_trends.png
supplier_network_trends_figure,C:\Users\yanluyao\Desktop\XD_interrupt_simulation\study_04_response_recovery_----\output\study04_dynamic_frontend\generated\20260425_170304_random_supplier_SID0004\run\figures\supplier_network_trends.png
material_network_trends_figure,C:\Users\yanluyao\Desktop\XD_interrupt_simulation\study_04_response_recovery_----\output\study04_dynamic_frontend\generated\20260425_170304_random_supplier_SID0004\run\figures\material_network_trends.png
